<Ui xmlns:xsi="http://www.w3.org/2001/XMLSchema-instance" xmlns:xsd="http://www.w3.org/2001/XMLSchema" xmlns="http://www.blizzard.com/wow/ui/">
	<Script file="MacroMakerConfig.lua" />
	<Frame name="MacroMakerConfig" hidden="true" parent="UIParent" toplevel="true">
		<Size>
			<AbsDimension x="485" y="424" />
		</Size>
		<Anchors>
			<Anchor point="TOPLEFT">
				<Offset x="204" y="-32" />
			</Anchor>
		</Anchors>
    <!--
		<Backdrop bgFile="Interface\DialogFrame\UI-DialogBox-Background" edgeFile="Interface\DialogFrame\UI-DialogBox-Border" tile="true">
			<BackgroundInsets>
				<AbsInset left="11" right="12" top="12" bottom="11" />
			</BackgroundInsets>
			<TileSize>
				<AbsValue val="32" />
			</TileSize>
			<EdgeSize>
				<AbsValue val="32" />
			</EdgeSize>
		</Backdrop>
    -->
		<Layers>
			<Layer level="OVERLAY">
				<FontString name="MMConfigTitle" inherits="GameFontNormalLarge" text="Macro Maker">
					<Anchors>
            <Anchor point="TOPLEFT" relativePoint="TOPLEFT"><Offset><AbsDimension x="20" y="-15"/></Offset>
            </Anchor>
          </Anchors>
				</FontString>
        
        <FontString name="MMFontStringMinimapButton" inherits="GameFontNormal" text="Show Minimap Button: ">
					<Size>
						<AbsDimension x="200" y="28" />
					</Size>
					<Anchors>
						<Anchor point="TOPLEFT">
							<Offset x="0" y="-110" />
						</Anchor>
					</Anchors>
					<FontHeight>
						<AbsValue val="14" />
					</FontHeight>
				</FontString>
        
        
				<FontString name="MMFontStringVerbose" inherits="GameFontNormal" text="Verbose Mode:">
					<Size>
						<AbsDimension x="126" y="28" />
					</Size>
					<Anchors>
						<Anchor point="TOPLEFT">
							<Offset x="18" y="-210" />
						</Anchor>
					</Anchors>
					<FontHeight>
						<AbsValue val="14" />
					</FontHeight>
				</FontString>
				<FontString name="MMFontStringVerboseWarn" inherits="GameFontNormal" text="Verbose Mode is very spammy. I use this for my testing. This will reset when you logout or reloadui">
					<Size>
						<AbsDimension x="221" y="52" />
					</Size>
					<Anchors>
						<Anchor point="TOPLEFT">
							<Offset x="27" y="-248" />
						</Anchor>
					</Anchors>
					<FontHeight>
						<AbsValue val="14" />
					</FontHeight>
				</FontString>
			
			</Layer>
		</Layers>
		<Frames>
      <CheckButton name="MMMinimapButtonCheckbox" inherits="UICheckButtonTemplate" text="">
        <Size>
          <AbsDimension x="32" y="32" />
        </Size>
				<Anchors>
					<Anchor point="TOPLEFT">
						<Offset x="200" y="-110" />
					</Anchor>
				</Anchors>
			</CheckButton>      
			<CheckButton name="MMVerboseCheckbox" inherits="UICheckButtonTemplate" text="">
				<Size>
					<AbsDimension x="32" y="32" />
				</Size>
				<Anchors>
					<Anchor point="TOPLEFT">
						<Offset x="200" y="-210" />
					</Anchor>
				</Anchors>
			</CheckButton>			
			<Button name="MMOptionsButtonHide" inherits="UIPanelButtonTemplate" text="Hide Macro Maker">
				<Size>
					<AbsDimension x="137" y="32" />
				</Size>
				<Anchors>
					<Anchor point="TOPLEFT">
						<Offset x="27" y="-368" />
					</Anchor>
				</Anchors>
				<Scripts>
					<OnClick>
						MMOptionsButtonHide_OnClick()
					</OnClick>
				</Scripts>
			</Button>
			<Button name="MMOptionsButtonShowMM" inherits="UIPanelButtonTemplate" text="Show Macro Maker">
				<Size>
					<AbsDimension x="121" y="32" />
				</Size>
				<Anchors>
					<Anchor point="TOPLEFT">
						<Offset x="193" y="-368" />
					</Anchor>
				</Anchors>
				<Scripts>
					<OnClick>
						MMOptionsButtonShowMM_OnClick()
					</OnClick>
				</Scripts>
			</Button>
		</Frames>
		<Scripts>
			<OnLoad>
				MacroMakerConfig_OnLoad(self)
				self:RegisterForDrag("LeftButton");
			</OnLoad>
		</Scripts>
	</Frame>
</Ui>